Country Code,Short Name,Table Name,Long Name,2-alpha code,Currency Unit,Special Notes,Region,High-Income
ABW,Aruba,Aruba,Aruba,AW,Aruban florin,SNA data for 2000-2011 are updated from official government statistics; 1994-1999 from UN databases. Base year has changed from 1995 to 2000.,Latin America & Caribbean,High-Income
ADO,Andorra,Andorra,Principality of Andorra,AD,Euro,The base year has changed to 2000. Price valuation is in basic prices.,Europe & Central Asia,High-Income
AGO,Angola,Angola,People's Republic of Angola,AO,Angolan kwanza,"April 2013 database update: Based on IMF data, national accounts data were revised for 2000 onward; the base year changed to 2002.",Sub-Saharan Africa,High-Income
ALB,Albania,Albania,Republic of Albania,AL,Albanian lek,,Europe & Central Asia,High-Income
ARE,United Arab Emirates,United Arab Emirates,United Arab Emirates,AE,U.A.E. dirham,"April 2013 database update: Based on data from the National Bureau of Statistics, national accounts data were revised for 2001 onward; the base year changed to 2007.",Middle East & North Africa,High-Income
ASM,American Samoa,American Samoa,American Samoa,AS,U.S. dollar,,East Asia & Pacific,High-Income
ATG,Antigua and Barbuda,Antigua and Barbuda,Antigua and Barbuda,AG,East Caribbean dollar,"April 2012 database update: Based on official government statistics, national accounts data were revised for 2000 onward; the base year changed to 2006.",Latin America & Caribbean,High-Income
AUS,Australia,Australia,Commonwealth of Australia,AU,Australian dollar,Fiscal year end: June 30; reporting period for national accounts data: FY. Value added current series updated by the Australian Bureau of Statistics; data revised from 1990 onward; Australia reports using SNA 2008.,East Asia & Pacific,High-Income
AUT,Austria,Austria,Republic of Austria,AT,Euro,"A simple multiplier is used to convert the national currencies of EMU members to euros. The following irrevocable euro conversion rate was adopted by the EU Council on January 1, 1999: 1 euro = 13.7603 Austrian schilling. Please note that historical data before 1999 are not actual euros and are not comparable or suitable for aggregation across countries.",Europe & Central Asia,High-Income
AZE,Azerbaijan,Azerbaijan,Republic of Azerbaijan,AZ,New Azeri manat,April 2012 database update: National accounts historical expenditure series in constant prices were revised in line with State Statistical Committee data that were not previously available.,Europe & Central Asia,High-Income
BEL,Belgium,Belgium,Kingdom of Belgium,BE,Euro,"A simple multiplier is used to convert the national currencies of EMU members to euros. The following irrevocable euro conversion rate was adopted by the EU Council on January 1, 1999: 1 euro = 40.3399 Belgian franc. Please note that historical data before 1999 are not actual euros and are not comparable or suitable for aggregation across countries.",Europe & Central Asia,High-Income
BGR,Bulgaria,Bulgaria,Republic of Bulgaria,BG,Bulgarian lev,The new reference year for chain linked series is 2010. April 2011 database update: The National Statistical Office revised national accounts data from 1995 onward. GDP in current prices were about 4 percent higher than previous estimates.,Europe & Central Asia,High-Income
BHR,Bahrain,Bahrain,Kingdom of Bahrain,BH,Bahraini dinar,Based on official government statistics; the new base year is 2010.,Middle East & North Africa,High-Income
BHS,The Bahamas,"Bahamas, The",Commonwealth of The Bahamas,BS,Bahamian dollar,,Latin America & Caribbean,High-Income
BIH,Bosnia and Herzegovina,Bosnia and Herzegovina,Bosnia and Herzegovina,BA,Bosnia and Herzegovina convertible mark,Based on official government statistics for chain linked series; the new reference year is 2010.,Europe & Central Asia,High-Income
BLR,Belarus,Belarus,Republic of Belarus,BY,Belarusian rubel,"In July 2016 a new Belarusian ruble was introduced, at a rate of 1 new ruble = 10,000 old rubles. Local currency values in this database are in old rubels.",Europe & Central Asia,High-Income
BLZ,Belize,Belize,Belize,BZ,Belize dollar,,Latin America & Caribbean,High-Income
BMU,Bermuda,Bermuda,The Bermudas,BM,Bermuda dollar,,North America,High-Income
BRA,Brazil,Brazil,Federative Republic of Brazil,BR,Brazilian real,"Based on official government statistics, the new reference year is 2000.",Latin America & Caribbean,High-Income
BRB,Barbados,Barbados,Barbados,BB,Barbados dollar,,Latin America & Caribbean,High-Income
BRN,Brunei,Brunei Darussalam,Brunei Darussalam,BN,Brunei dollar,,East Asia & Pacific,High-Income
BWA,Botswana,Botswana,Republic of Botswana,BW,Botswana pula,"Fiscal year end: March 31; reporting period for national accounts data: CY. Based on official government statistics, national accounts data have been revised from 2006 onward; the new base year is 2006. Data before 2006 were reported on a fiscal year basis.",Sub-Saharan Africa,High-Income
CAN,Canada,Canada,Canada,CA,Canadian dollar,Fiscal year end: March 31; reporting period for national accounts data: CY.,North America,High-Income
CHE,Switzerland,Switzerland,Switzerland,CH,Swiss franc,,Europe & Central Asia,High-Income
CHI,Channel Islands,Channel Islands,Channel Islands,,Pound sterling,,Europe & Central Asia,High-Income
CHL,Chile,Chile,Republic of Chile,CL,Chilean peso,,Latin America & Caribbean,High-Income
CHN,China,China,People's Republic of China,CN,Chinese yuan,"On 1 July 1997 China resumed its exercise of sovereignty over Hong Kong; and on 20 December 1999 China resumed its exercise of sovereignty over Macao. Unless otherwise noted, data for China do not include data for Hong Kong SAR, China; Macao SAR, China; or Taiwan, China. Based on data from the National Bureau of Statistics, the methodology for national accounts exports and imports of goods and services in constant prices have been revised from 2000 onward.",East Asia & Pacific,High-Income
COL,Colombia,Colombia,Republic of Colombia,CO,Colombian peso,,Latin America & Caribbean,High-Income
CRI,Costa Rica,Costa Rica,Republic of Costa Rica,CR,Costa Rican colon,,Latin America & Caribbean,High-Income
CUB,Cuba,Cuba,Republic of Cuba,CU,Cuban peso,"Based on official government statistics, the new reference year is 2005.",Latin America & Caribbean,High-Income
CUW,Curaçao,Curaçao,Curaçao,CW,Netherlands Antillean guilder,,Latin America & Caribbean,High-Income
CYM,Cayman Islands,Cayman Islands,Cayman Islands,KY,Cayman Islands dollar,,Latin America & Caribbean,High-Income
CYP,Cyprus,Cyprus,Republic of Cyprus,CY,Euro,"A simple multiplier is used to convert the national currencies of EMU members to euros. The following irrevocable euro conversion rate entered into force on January 1, 2008: 1 euro = 0.585274 Cyprus pounds. Please note that historical data are not actual euros and are not comparable or suitable for aggregation across countries.",Europe & Central Asia,High-Income
CZE,Czech Republic,Czech Republic,Czech Republic,CZ,Czech koruna,,Europe & Central Asia,High-Income
DEU,Germany,Germany,Federal Republic of Germany,DE,Euro,"A simple multiplier is used to convert the national currencies of EMU members to euros. The following irrevocable euro conversion rate was adopted by the EU Council on January 1, 1999: 1 euro = 1.95583 German mark. Please note that historical data before 1999 are not actual euros and are not comparable or suitable for aggregation across countries.",Europe & Central Asia,High-Income
DMA,Dominica,Dominica,Commonwealth of Dominica,DM,East Caribbean dollar,"April 2012 database update: Based on official government statistics, national accounts data were revised for 2000 onward; the base year changed to 2006.",Latin America & Caribbean,High-Income
DNK,Denmark,Denmark,Kingdom of Denmark,DK,Danish krone,,Europe & Central Asia,High-Income
DOM,Dominican Republic,Dominican Republic,Dominican Republic,DO,Dominican peso,"Based on data from the Central Bank of Dominican Republic, the new base year is 2007.",Latin America & Caribbean,High-Income
DZA,Algeria,Algeria,People's Democratic Republic of Algeria,DZ,Algerian dinar,,Middle East & North Africa,High-Income
ECU,Ecuador,Ecuador,Republic of Ecuador,EC,U.S. dollar,National accounts have been revised from 1965 onward based on official government data; the new base year is 2007. The large upward changes are due to an improved calculation method for nominal GDP.,Latin America & Caribbean,High-Income
ESP,Spain,Spain,Kingdom of Spain,ES,Euro,"A simple multiplier is used to convert the national currencies of EMU members to euros. The following irrevocable euro conversion rate was adopted by the EU Council on January 1, 1999: 1 euro = 166.386 Spanish peseta. Please note that historical data before 1999 are not actual euros and are not comparable or suitable for aggregation across countries.",Europe & Central Asia,High-Income
EST,Estonia,Estonia,Republic of Estonia,EE,Euro,"A simple multiplier is used to convert the national currencies of EMU members to euros. The following irrevocable euro conversion rate entered into force on January 1, 2011: 1 euro = 15.6466 Estonian kroon. Please note that historical data are not actual euros and are not comparable or suitable for aggregation across countries.",Europe & Central Asia,High-Income
FIN,Finland,Finland,Republic of Finland,FI,Euro,"A simple multiplier is used to convert the national currencies of EMU members to euros. The following irrevocable euro conversion rate was adopted by the EU Council on January 1, 1999: 1 euro = 5.94573 Finnish markka. Please note that historical data before 1999 are not actual euros and are not comparable or suitable for aggregation across countries.",Europe & Central Asia,High-Income
FJI,Fiji,Fiji,Republic of Fiji,FJ,Fijian dollar,"Based on data from the Bureau of Statistics, national accounts data on the expenditure side have been revised from 2005 onward; the new base year is 2005.",East Asia & Pacific,High-Income
FRA,France,France,French Republic,FR,Euro,"A simple multiplier is used to convert the national currencies of EMU members to euros. The following irrevocable euro conversion rate was adopted by the EU Council on January 1, 1999: 1 euro = 6.55957 French franc. Please note that historical data before 1999 are not actual euros and are not comparable or suitable for aggregation across countries.",Europe & Central Asia,High-Income
FRO,Faroe Islands,Faroe Islands,Faroe Islands,FO,Danish krone,,Europe & Central Asia,High-Income
GAB,Gabon,Gabon,Gabonese Republic,GA,Central African CFA franc,Based on IMF data and official government statistics; the new base year is 2001.,Sub-Saharan Africa,High-Income
GBR,United Kingdom,United Kingdom,United Kingdom of Great Britain and Northern Ireland,GB,Pound sterling,,Europe & Central Asia,High-Income
GEO,Georgia,Georgia,Georgia,GE,Georgian lari,Value added data in constant prices before 2007 have been temporarily removed until revised series become available. Constant price expenditure estimates before 2011 have been deleted.,Europe & Central Asia,High-Income
GIB,Gibraltar,Gibraltar,Gibraltar,GI,Gibraltar pound,,Europe & Central Asia,High-Income
GNQ,Equatorial Guinea,Equatorial Guinea,Republic of Equatorial Guinea,GQ,Central African CFA franc,National accounts have been revised from 1980 onward based on IMF data and official government statistics; the new base year is 2006.,Sub-Saharan Africa,High-Income
GRC,Greece,Greece,Hellenic Republic,GR,Euro,"A simple multiplier is used to convert the national currencies of EMU members to euros. The following irrevocable euro conversion rate was adopted by the EU Council on January 1, 1999: 1 euro = 340.75 Greek drachma. Please note that historical data before 1999 are not actual euros and are not comparable or suitable for aggregation across countries.",Europe & Central Asia,High-Income
GRD,Grenada,Grenada,Grenada,GD,East Caribbean dollar,"April 2012 database update: Based on official government statistics, national accounts data were revised for 2000 onward; the base year changed to 2006.",Latin America & Caribbean,High-Income
GRL,Greenland,Greenland,Greenland,GL,Danish krone,,Europe & Central Asia,High-Income
GUM,Guam,Guam,Guam,GU,U.S. dollar,,East Asia & Pacific,High-Income
GUY,Guyana,Guyana,Co-operative Republic of Guyana,GY,Guyana dollar,"In 2010, the Bureau of Statistics introduced a new series of GDP rebased to year 2006. Current price GDP averaged 63 percent higher than previous estimates.",Latin America & Caribbean,High-Income
HKG,"Hong Kong SAR, China","Hong Kong SAR, China",Hong Kong Special Administrative Region of the People's Republic of China,HK,Hong Kong dollar,"On 1 July 1997 China resumed its exercise of sovereignty over Hong Kong. Unless otherwise noted, data for China do not include data for Hong Kong SAR, China; Macao SAR, China; or Taiwan, China. Agriculture value added includes mining and quarrying.",East Asia & Pacific,High-Income
HRV,Croatia,Croatia,Republic of Croatia,HR,Croatian kuna,"The new reference year for chain linked series is 2010. April 2013 database update: Based on official government statistics, the base year for constant price series changed to 2005.",Europe & Central Asia,High-Income
HUN,Hungary,Hungary,Hungary,HU,Hungarian forint,"April 2012 database update: Based on data from the Organisation for Economic Co-operation and Development, national accounts data were revised for 1991 onward.",Europe & Central Asia,High-Income
IMY,Isle of Man,Isle of Man,Isle of Man,IM,Pound sterling,The new base year is 2013.,Europe & Central Asia,High-Income
IRL,Ireland,Ireland,Ireland,IE,Euro,"A simple multiplier is used to convert the national currencies of EMU members to euros. The following irrevocable euro conversion rate was adopted by the EU Council on January 1, 1999: 1 euro = 0.787564 Irish pound. Please note that historical data before 1999 are not actual euros and are not comparable or suitable for aggregation across countries.",Europe & Central Asia,High-Income
IRN,Iran,"Iran, Islamic Rep.",Islamic Republic of Iran,IR,Iranian rial,"Fiscal year end: March 20; reporting period for national accounts data: FY. Based on data from the Central Bank of Iran, the new base year is 2004/05.",Middle East & North Africa,High-Income
IRQ,Iraq,Iraq,Republic of Iraq,IQ,Iraqi dinar,"Based on official government statistics, the new base year is 2007.",Middle East & North Africa,High-Income
ISL,Iceland,Iceland,Republic of Iceland,IS,Iceland krona,,Europe & Central Asia,High-Income
ISR,Israel,Israel,State of Israel,IL,Israeli new shekel,Based on official government statistics for chain linked series; the new reference year is 2010.,Middle East & North Africa,High-Income
ITA,Italy,Italy,Italian Republic,IT,Euro,"A simple multiplier is used to convert the national currencies of EMU members to euros. The following irrevocable euro conversion rate was adopted by the EU Council on January 1, 1999: 1 euro = 1936.27 Italian lira. Please note that historical data before 1999 are not actual euros and are not comparable or suitable for aggregation across countries.",Europe & Central Asia,High-Income
JAM,Jamaica,Jamaica,Jamaica,JM,Jamaican dollar,"April 2013 database update: Based on official government statistics, national accounts data were revised for 2002 onward; the base year changed to 2007.",Latin America & Caribbean,High-Income
JOR,Jordan,Jordan,Hashemite Kingdom of Jordan,JO,Jordanian dinar,,Middle East & North Africa,High-Income
JPN,Japan,Japan,Japan,JP,Japanese yen,Fiscal year end: March 31; reporting period for national accounts data: CY.,East Asia & Pacific,High-Income
KAZ,Kazakhstan,Kazakhstan,Republic of Kazakhstan,KZ,Kazakh tenge,The new reference year for chain linked series is 2005.,Europe & Central Asia,High-Income
KNA,St. Kitts and Nevis,St. Kitts and Nevis,St. Kitts and Nevis,KN,East Caribbean dollar,"April 2012 database update: Based on official government statistics, national accounts data were revised for 2000 onward; the base year changed to 2006.",Latin America & Caribbean,High-Income
KOR,Korea,"Korea, Rep.",Republic of Korea,KR,Korean won,The new base year is 2010. GDP data are available from 1970 onward while components are revised from 2000 onward only. Historical data in constant prices are linked to preserve growth rates.,East Asia & Pacific,High-Income
KWT,Kuwait,Kuwait,State of Kuwait,KW,Kuwaiti dinar,Fiscal year end: June 30; reporting period for national accounts data: CY. Based on official government statistics; the new base year is 2010.,Middle East & North Africa,High-Income
LBN,Lebanon,Lebanon,Lebanese Republic,LB,Lebanese pound,,Middle East & North Africa,High-Income
LBY,Libya,Libya,Socialist People's Libyan Arab Jamahiriya,LY,Libyan dinar,Official statistics for Libya are not available; national accounts data are based on World Bank estimates. The new base year is 2003.,Middle East & North Africa,High-Income
LCA,St. Lucia,St. Lucia,St. Lucia,LC,East Caribbean dollar,"April 2012 database update: Based on official government statistics, national accounts data were revised for 2000 onward; the base year changed to 2006.",Latin America & Caribbean,High-Income
LIE,Liechtenstein,Liechtenstein,Principality of Liechtenstein,LI,Swiss franc,,Europe & Central Asia,High-Income
LTU,Lithuania,Lithuania,Republic of Lithuania,LT,Euro,"A simple multiplier is used to convert the national currencies of EMU members to euros. The following irrevocable euro conversion rate entered into force on January 1, 2015: 1 euro = 3.45280 Lithuanian litas. Please note that historical data are not actual euros and are not comparable or suitable for aggregation across countries. Based on data from EUROSTAT, the new reference year is 2010.",Europe & Central Asia,High-Income
LUX,Luxembourg,Luxembourg,Grand Duchy of Luxembourg,LU,Euro,"A simple multiplier is used to convert the national currencies of EMU members to euros. The following irrevocable euro conversion rate was adopted by the EU Council on January 1, 1999: 1 euro = 40.3399 Luxembourg franc. Please note that historical data before 1999 are not actual euros and are not comparable or suitable for aggregation across countries.",Europe & Central Asia,High-Income
LVA,Latvia,Latvia,Republic of Latvia,LV,Euro,"A simple multiplier is used to convert the national currencies of EMU members to euros. The following irrevocable euro conversion rate entered into force on January 1, 2014: 1 euro = 0.702804 Latvian lats. Please note that historical data are not actual euros and are not comparable or suitable for aggregation across countries. Based on data from EUROSTAT, the new reference year is 2010.",Europe & Central Asia,High-Income
MAC,"Macao SAR, China","Macao SAR, China",Macao Special Administrative Region of the People's Republic of China,MO,Macao pataca,"On 20 December 1999 China resumed its exercise of sovereignty over Macao. Unless otherwise noted, data for China do not include data for Hong Kong SAR, China; Macao SAR, China; or Taiwan, China.",East Asia & Pacific,High-Income
MAF,St. Martin (French part),St. Martin (French part),St. Martin (French part),MF,Euro,,Latin America & Caribbean,High-Income
MCO,Monaco,Monaco,Principality of Monaco,MC,Euro,,Europe & Central Asia,High-Income
MDV,Maldives,Maldives,Republic of Maldives,MV,Maldivian rufiyaa,April 2012 database update: The Department of National Planning revised national accounts data for 2000 onward; the base year changed to 2003.,South Asia,High-Income
MEX,Mexico,Mexico,United Mexican States,MX,Mexican peso,The new base year is 2008.,Latin America & Caribbean,High-Income
MHL,Marshall Islands,Marshall Islands,Republic of the Marshall Islands,MH,U.S. dollar,Fiscal year ends on September 30; reporting period for national accounts data: FY.,East Asia & Pacific,High-Income
MKD,Macedonia,"Macedonia, FYR",Former Yugoslav Republic of Macedonia,MK,Macedonian denar,"Based on revisions by the Macedonia State Statistics Office, the new base year is 2005.",Europe & Central Asia,High-Income
MLT,Malta,Malta,Republic of Malta,MT,Euro,"A simple multiplier is used to convert the national currencies of EMU members to euros. The following irrevocable euro conversion rate entered into force on January 1, 2008: 1 euro = 0.4293 Maltese lira. Please note that historical data are not actual euros and are not comparable or suitable for aggregation across countries.",Middle East & North Africa,High-Income
MNE,Montenegro,Montenegro,Montenegro,ME,Euro,"Montenegro declared independence from Serbia and Montenegro on June 3, 2006. Where available, data for each country are shown separately. However, for Serbia, some indicators continue to include data for Montenegro through 2005.",Europe & Central Asia,High-Income
MNP,Northern Mariana Islands,Northern Mariana Islands,Commonwealth of the Northern Mariana Islands,MP,U.S. dollar,,East Asia & Pacific,High-Income
MUS,Mauritius,Mauritius,Republic of Mauritius,MU,Mauritian rupee,,Sub-Saharan Africa,High-Income
MYS,Malaysia,Malaysia,Malaysia,MY,Malaysian ringgit,"Based on data from the Malaysian Department of Statistics and Bank Negara Malaysia, the new base year is 2010.",East Asia & Pacific,High-Income
NAM,Namibia,Namibia,Republic of Namibia,NA,Namibian dollar,"Fiscal year end: March 31; reporting period for national accounts data: CY. Based on official government statistics, national accounts data have been revised from 1980 onward; the new base year is 2010.",Sub-Saharan Africa,High-Income
NCL,New Caledonia,New Caledonia,New Caledonia,NC,CFP franc,,East Asia & Pacific,High-Income
NLD,Netherlands,Netherlands,Kingdom of the Netherlands,NL,Euro,"A simple multiplier is used to convert the national currencies of EMU members to euros. The following irrevocable euro conversion rate was adopted by the EU Council on January 1, 1999: 1 euro = 2.20371 Netherlands guilder. Please note that historical data before 1999 are not actual euros and are not comparable or suitable for aggregation across countries.",Europe & Central Asia,High-Income
NOR,Norway,Norway,Kingdom of Norway,NO,Norwegian krone,,Europe & Central Asia,High-Income
NRU,Nauru,Nauru,Republic of Nauru,NR,Australian dollar,,East Asia & Pacific,High-Income
NZL,New Zealand,New Zealand,New Zealand,NZ,New Zealand dollar,Fiscal year end: March 31; reporting period for national accounts data: CY.,East Asia & Pacific,High-Income
OMN,Oman,Oman,Sultanate of Oman,OM,Rial Omani,Based on official government statistics; the new base year is 2010.,Middle East & North Africa,High-Income
PAN,Panama,Panama,Republic of Panama,PA,Panamanian balboa,The new base year is 2007.,Latin America & Caribbean,High-Income
PER,Peru,Peru,Republic of Peru,PE,Peruvian new sol,The new base year is 2007.,Latin America & Caribbean,High-Income
PLW,Palau,Palau,Republic of Palau,PW,U.S. dollar,Fiscal year ends on September 30; reporting period for national accounts data: FY. National accounts data are revised based on IMF reports.,East Asia & Pacific,High-Income
POL,Poland,Poland,Republic of Poland,PL,Polish zloty,,Europe & Central Asia,High-Income
PRI,Puerto Rico,Puerto Rico,Puerto Rico,PR,U.S. dollar,"Fiscal year end: June 30; reporting period for national accounts data: FY. April 2012 database update: Based on data from the Instituto de Estadísticas de Puerto Rico, national accounts data were revised for 2001 onward.",Latin America & Caribbean,High-Income
PRT,Portugal,Portugal,Portuguese Republic,PT,Euro,"A simple multiplier is used to convert the national currencies of EMU members to euros. The following irrevocable euro conversion rate was adopted by the EU Council on January 1, 1999: 1 euro = 200.482 Portuguese escudo. Please note that historical data before 1999 are not actual euros and are not comparable or suitable for aggregation across countries.",Europe & Central Asia,High-Income
PRY,Paraguay,Paraguay,Republic of Paraguay,PY,Paraguayan guarani,"National accounts data have been revised from 1960 onward. The methodology and base year have not changed but the output of two hydroelectric plants (shared with neighboring countries) has been added raising GDP from previous estimates. On the supply side, it was added in ""gas, electricity and water."" On the demand side changes were mainly to exports, but also for imports, investment and consumption. National accounts price valuations for 1991 to 2012 have also been corrected and changed from VAP to VAB.",Latin America & Caribbean,High-Income
PYF,French Polynesia,French Polynesia,French Polynesia,PF,CFP franc,,East Asia & Pacific,High-Income
QAT,Qatar,Qatar,State of Qatar,QA,Qatari riyal,"Based on data from the Qatar Ministry of Development Planning and Statistics and the Qatar Central Bank, the new base year is 2013.",Middle East & North Africa,High-Income
ROM,Romania,Romania,Romania,RO,New Romanian leu,"Based on data from EUROSTAT, the Romanian National Institute of Statistics, the National Bank of Romania, and World Bank estimates, the new base year is 2005.",Europe & Central Asia,High-Income
RUS,Russia,Russian Federation,Russian Federation,RU,Russian ruble,The new base year is 2011.,Europe & Central Asia,High-Income
SAU,Saudi Arabia,Saudi Arabia,Kingdom of Saudi Arabia,SA,Saudi Arabian riyal,"Based on data from the Saudi Central Department of Statistics and Information under the authority of the Ministry of Economy and Planning, the new base year is 2010.",Middle East & North Africa,High-Income
SGP,Singapore,Singapore,Republic of Singapore,SG,Singapore dollar,Fiscal year end: March 31; reporting period for national accounts data: CY. Country reports using a blend of SNA 1993 and SNA 2008. April 2012 database update: National accounts time series were replaced with official government statistics.,East Asia & Pacific,High-Income
SMR,San Marino,San Marino,Republic of San Marino,SM,Euro,,Europe & Central Asia,High-Income
SRB,Serbia,Serbia,Republic of Serbia,RS,New Serbian dinar,"Montenegro declared independence from Serbia and Montenegro on June 3, 2006. Where available, data for each country are shown separately. However, for Serbia, some indicators, such as those series for which data appear only for Serbia and not Montenegro--e.g., aid, environment, external debt, balance of payments, various social indicators excluding population--continue to include data for Montenegro through 2005. Moreover, data from 1999 onward for Serbia for most indicators exclude data for Kosovo, 1999 being the year when Kosovo became a territory under international administration pursuant to UN Security Council Resolution 1244 (1999); any exceptions are noted. Kosovo became a World Bank member on June 29, 2009; available data are shown separately for Kosovo. In 2011, the Statistical Office of Serbia improved the methodology of national accounts data for 2003 onward. Specifically, the classification of sectors was revised. The new reference year for chain linked series is 2010.",Europe & Central Asia,High-Income
SUR,Suriname,Suriname,Republic of Suriname,SR,Suriname dollar,,Latin America & Caribbean,High-Income
SVK,Slovak Republic,Slovak Republic,Slovak Republic,SK,Euro,"A simple multiplier is used to convert the national currencies of EMU members to euros. The following irrevocable euro conversion rate entered into force on January 1, 2009: 1 euro = 30.126 Slovak koruna. Please note that historical data are not actual euros and are not comparable or suitable for aggregation across countries.",Europe & Central Asia,High-Income
SVN,Slovenia,Slovenia,Republic of Slovenia,SI,Euro,"A simple multiplier is used to convert the national currencies of EMU members to euros. The following irrevocable euro conversion rate entered into force on January 1, 2007: 1 euro = 239.64 Slovenian tolar. Please note that historical data are not actual euros and are not comparable or suitable for aggregation across countries.",Europe & Central Asia,High-Income
SWE,Sweden,Sweden,Kingdom of Sweden,SE,Swedish krona,Fiscal year end: June 30; reporting period for national accounts data: CY.,Europe & Central Asia,High-Income
SXM,Sint Maarten (Dutch part),Sint Maarten (Dutch part),Sint Maarten (Dutch part),SX,Netherlands Antillean guilder,,Latin America & Caribbean,High-Income
SYC,Seychelles,Seychelles,Republic of Seychelles,SC,Seychelles rupee,"April 2013 database update: Based on official government statistics, national accounts data were revised for 1976 onward; the base year changed to 2006.",Sub-Saharan Africa,High-Income
TCA,Turks and Caicos Islands,Turks and Caicos Islands,Turks and Caicos Islands,TC,U.S. dollar,,Latin America & Caribbean,High-Income
THA,Thailand,Thailand,Kingdom of Thailand,TH,Thai baht,"Fiscal year end: September 30; reporting period for national accounts data: CY. Based on data from the Bank of Thailand and the National Economics and Social Development Board (NESDB), the new base year is 2002.",East Asia & Pacific,High-Income
TKM,Turkmenistan,Turkmenistan,Turkmenistan,TM,New Turkmen manat,"On January 1, 2009, the Turkmen manat was redenominated (1 new manat = 5,000 old manats).",Europe & Central Asia,High-Income
TTO,Trinidad and Tobago,Trinidad and Tobago,Republic of Trinidad and Tobago,TT,Trinidad and Tobago dollar,,Latin America & Caribbean,High-Income
TUR,Turkey,Turkey,Republic of Turkey,TR,New Turkish lira,,Europe & Central Asia,High-Income
TUV,Tuvalu,Tuvalu,Tuvalu,TV,Australian dollar,2013 national accounts estimates are based on IMF reports. Value added is measured at producer prices up to 1999 and at basic prices from 2000 onward.,East Asia & Pacific,High-Income
URY,Uruguay,Uruguay,Oriental Republic of Uruguay,UY,Uruguayan peso,"In 2011, the Central Bank revised national accounts data for 2006 onward.",Latin America & Caribbean,High-Income
USA,United States,United States,United States of America,US,U.S. dollar,Fiscal year end: September 30; reporting period for national accounts data: CY.,North America,High-Income
VCT,St. Vincent and the Grenadines,St. Vincent and the Grenadines,St. Vincent and the Grenadines,VC,East Caribbean dollar,"April 2012 database update: Based on official government statistics, national accounts data were revised for 2000 onward; the base year changed to 2006.",Latin America & Caribbean,High-Income
VEN,Venezuela,"Venezuela, RB",República Bolivariana de Venezuela,VE,Venezuelan bolivar fuerte,,Latin America & Caribbean,High-Income
VGB,British Virgin Islands,British Virgin Islands,British Virgin Islands,VG,U. S. dollar,,Latin America & Caribbean,High-Income
VIR,Virgin Islands,Virgin Islands (U.S.),Virgin Islands of the United States,VI,U.S. dollar,,Latin America & Caribbean,High-Income
ZAF,South Africa,South Africa,Republic of South Africa,ZA,South African rand,Fiscal year end: March 31; reporting period for national accounts data: CY. The new base year is 2010. South Africa reports using SNA 2008.,Sub-Saharan Africa,High-Income